Product,Manufacturing_Date,Initial_Shelf_Life,Storage_Temperature,Storage_Humidity,Days_in_Transit,Remaining_Shelf_Life
Bread,2023-04-10,49,8.9,56.7,4,45.6
Juice,2023-03-09,54,10.3,64.9,3,43.8
Cheese,2023-05-13,29,7.4,54.6,3,32.0
Juice,2023-04-30,12,4.5,60.7,6,13.5
Juice,2023-02-06,52,5.8,47.6,8,41.0
Milk,2023-03-13,56,8.6,71.6,7,38.8
Cheese,2023-05-07,50,8.6,66.7,1,50.5
Cheese,2023-04-16,49,8.7,57.1,6,38.5
Cheese,2023-04-02,51,9.6,55.3,7,34.0
Juice,2023-01-31,27,8.0,66.4,7,18.6
Bread,2023-05-02,29,8.8,52.9,9,13.8
Cheese,2023-05-17,49,7.9,61.3,5,40.7
Juice,2023-02-20,22,11.4,71.6,1,16.2
Milk,2023-01-29,53,12.3,51.9,2,48.4
Bread,2023-02-09,59,4.4,63.7,4,64.3
Milk,2023-02-10,21,7.2,63.2,5,19.5
Bread,2023-01-11,31,8.1,59.0,9,13.3
Juice,2023-05-31,42,7.2,55.0,1,56.4
Yogurt,2023-01-01,17,13.4,72.1,3,11.5
Bread,2023-02-15,57,8.7,54.0,5,48.6
Milk,2023-04-11,21,5.6,41.9,3,28.1
Juice,2023-05-29,10,9.8,66.4,4,8.3
Bread,2023-03-31,27,8.8,48.0,3,27.7
Yogurt,2023-04-20,19,8.9,66.9,4,16.1
Yogurt,2023-06-13,28,13.4,73.3,1,19.0
Cheese,2023-02-26,25,9.1,66.3,8,13.6
Cheese,2023-01-01,40,7.1,70.7,4,33.3
Milk,2023-03-04,20,2.1,80.2,7,12.0
Bread,2023-02-24,10,7.5,69.7,2,10.2
Bread,2023-04-25,54,11.9,63.3,2,46.1
Cheese,2023-06-17,59,7.7,76.3,6,40.6
Bread,2023-05-23,58,1.3,77.5,2,70.0
Bread,2023-05-29,52,6.5,77.7,6,37.0
Yogurt,2023-06-24,33,11.0,55.1,2,30.4
Cheese,2023-02-22,35,9.6,46.5,4,35.7
Juice,2023-05-17,53,5.5,54.5,7,42.6
Cheese,2023-06-29,34,6.3,67.0,8,20.5
Juice,2023-02-26,41,6.8,61.6,3,40.8
Yogurt,2023-04-27,14,6.0,57.9,9,11.3
Milk,2023-06-03,22,1.9,65.6,2,30.9
Bread,2023-06-18,48,10.3,45.3,8,32.6
Yogurt,2023-02-04,42,11.8,61.4,8,23.9
Bread,2023-03-04,36,3.4,71.2,4,34.8
Milk,2023-01-25,24,11.7,65.5,1,21.8
Milk,2023-03-31,8,7.7,66.9,1,8.4
Yogurt,2023-03-16,55,11.7,76.0,2,42.0
Milk,2023-02-07,19,8.1,59.3,9,10.8
Juice,2023-05-10,10,8.4,53.5,2,10.4
Milk,2023-05-15,32,9.1,71.9,2,29.6
Bread,2023-06-11,31,5.6,71.7,6,26.0
Bread,2023-04-01,36,11.6,65.6,7,18.7
Bread,2023-01-17,17,4.6,58.4,7,14.4
Bread,2023-05-08,13,6.8,60.0,9,5.9
Juice,2023-06-20,37,9.6,47.2,6,25.3
Cheese,2023-04-18,50,6.5,71.1,8,31.5
Yogurt,2023-06-28,16,10.3,70.8,6,11.2
Bread,2023-06-01,45,12.1,46.9,2,43.8
Milk,2023-01-25,19,11.0,68.7,1,12.9
Bread,2023-06-29,37,2.2,64.0,5,38.7
Milk,2023-03-29,13,8.4,49.8,9,3.7
Milk,2023-06-10,55,11.1,47.9,8,36.6
Bread,2023-06-26,48,4.0,63.7,4,49.4
Juice,2023-01-29,48,10.2,56.0,5,40.7
Milk,2023-03-04,42,10.0,78.2,5,28.5
Milk,2023-05-30,26,4.4,69.5,6,20.1
Bread,2023-06-03,10,10.5,64.7,3,6.1
Milk,2023-06-05,13,8.8,65.2,5,10.9
Milk,2023-04-24,7,10.0,73.3,2,4.2
Bread,2023-02-18,50,5.1,68.5,1,59.9
Bread,2023-03-22,51,8.5,65.0,1,52.9
Yogurt,2023-03-25,48,2.9,50.2,7,44.1
Juice,2023-04-15,53,1.2,90.6,2,48.3
Juice,2023-06-26,19,8.4,49.0,4,19.7
Milk,2023-05-28,28,11.3,56.9,5,19.6
Juice,2023-04-28,27,8.8,43.5,7,20.6
Milk,2023-03-27,28,7.8,65.4,2,30.0
Yogurt,2023-03-04,34,7.4,61.5,6,29.6
Bread,2023-04-14,15,5.2,67.7,1,17.4
Bread,2023-02-18,32,7.3,42.6,7,27.3
Bread,2023-03-12,15,9.3,71.1,9,8.2
Juice,2023-01-01,21,6.7,51.9,5,18.1
Yogurt,2023-05-21,16,10.3,58.5,5,12.8
Juice,2023-06-28,30,8.6,69.3,4,25.6
Juice,2023-05-03,48,9.0,62.6,3,45.8
Yogurt,2023-03-03,14,10.7,63.3,9,2.9
Yogurt,2023-02-01,30,6.4,68.0,5,24.1
Yogurt,2023-06-07,22,10.0,64.3,8,10.6
Yogurt,2023-01-29,55,6.8,56.6,9,35.2
Bread,2023-02-18,32,9.0,58.3,5,27.5
Cheese,2023-06-22,33,6.1,62.1,9,23.5
Cheese,2023-01-30,43,5.3,51.0,2,55.9
Yogurt,2023-05-24,10,8.3,70.0,9,4.1
Cheese,2023-06-17,56,2.3,62.9,4,67.3
Cheese,2023-01-19,30,7.1,60.7,6,25.2
Yogurt,2023-01-18,25,3.2,71.9,6,24.1
Cheese,2023-01-01,42,10.3,58.8,6,30.3
Juice,2023-03-19,45,11.2,58.2,2,38.9
Milk,2023-04-25,16,5.4,55.2,7,11.0
Milk,2023-06-24,31,9.3,63.4,6,19.0
Yogurt,2023-04-23,24,10.7,63.1,1,24.3
Bread,2023-04-24,25,10.7,53.3,2,27.1
Yogurt,2023-06-15,42,8.6,58.2,7,33.6
Bread,2023-06-28,16,10.2,53.4,1,19.0
Milk,2023-03-04,39,6.1,53.0,1,54.4
Yogurt,2023-05-12,56,8.2,42.7,1,73.0
Juice,2023-05-09,11,6.6,57.7,8,5.5
Cheese,2023-01-08,53,5.8,43.0,4,65.7
Bread,2023-06-06,55,8.1,55.4,4,54.1
Cheese,2023-02-24,41,9.0,53.9,2,44.4
Cheese,2023-04-13,50,11.5,70.5,1,42.9
Yogurt,2023-05-11,40,8.8,49.9,9,25.2
Cheese,2023-02-01,39,9.9,52.4,7,29.9
Juice,2023-01-10,27,10.0,56.2,4,26.0
Cheese,2023-04-20,23,16.1,54.2,6,12.5
Yogurt,2023-06-11,28,2.6,73.7,2,34.5
Juice,2023-05-04,54,5.9,48.6,7,48.9
Milk,2023-03-28,43,12.4,56.2,2,36.3
Cheese,2023-02-24,21,6.9,63.3,8,15.4
Yogurt,2023-02-01,41,10.7,68.8,8,18.2
Milk,2023-06-27,34,8.7,56.2,1,40.9
Milk,2023-05-15,13,14.3,40.8,8,4.5
Bread,2023-04-03,38,4.7,58.5,2,48.7
Juice,2023-01-08,17,11.7,73.5,6,7.8
Cheese,2023-03-06,16,13.2,62.8,1,14.2
Yogurt,2023-02-26,15,5.0,62.4,5,14.4
Bread,2023-03-08,20,10.3,49.4,7,10.9
Juice,2023-03-13,19,5.1,48.3,1,28.5
Bread,2023-02-23,31,8.1,60.2,2,31.8
Juice,2023-03-08,8,7.2,45.7,7,8.6
Juice,2023-02-20,41,0.8,67.8,6,40.6
Cheese,2023-04-07,13,9.3,51.5,3,14.0
Juice,2023-04-02,27,8.4,59.8,2,26.5
Bread,2023-01-08,24,12.4,41.1,4,19.5
Juice,2023-06-11,9,9.8,56.1,3,7.6
Cheese,2023-02-04,48,14.9,48.1,7,27.0
Cheese,2023-04-06,45,8.3,36.8,8,38.9
Bread,2023-03-29,47,7.7,65.4,2,46.7
Milk,2023-03-19,55,7.4,76.4,7,36.3
Milk,2023-02-01,17,6.7,71.3,8,6.1
Juice,2023-04-30,45,1.4,66.8,6,41.7
Yogurt,2023-02-15,30,7.3,55.9,6,23.6
Juice,2023-05-24,52,1.8,68.1,1,68.7
Bread,2023-06-14,25,9.4,72.2,4,15.8
Bread,2023-05-22,10,4.3,61.4,1,14.1
Bread,2023-02-24,32,5.3,48.2,4,37.3
Bread,2023-06-25,44,6.0,55.0,2,55.1
Bread,2023-01-07,48,7.4,77.0,5,36.7
Cheese,2023-03-15,38,8.0,59.3,9,22.7
Milk,2023-01-07,45,11.3,26.8,3,51.4
Bread,2023-06-10,51,6.3,45.3,8,41.1
Yogurt,2023-05-31,52,9.4,55.8,3,48.0
Yogurt,2023-03-26,42,16.2,70.4,6,19.7
Yogurt,2023-05-27,46,9.1,57.3,4,40.3
Yogurt,2023-04-22,43,7.5,70.5,8,23.8
Cheese,2023-05-05,39,5.7,54.7,6,35.8
Yogurt,2023-05-27,42,7.4,40.4,8,31.8
Bread,2023-02-05,9,5.3,55.1,1,11.4
Juice,2023-01-29,15,8.8,63.4,6,11.7
Yogurt,2023-03-23,14,8.3,62.6,1,16.0
Cheese,2023-01-02,39,1.5,47.4,1,64.5
Cheese,2023-05-09,12,7.9,56.5,8,7.1
Yogurt,2023-02-16,47,11.2,86.8,7,23.0
Juice,2023-05-28,45,6.8,47.7,3,54.6
Yogurt,2023-01-11,10,6.0,66.6,6,12.3
Cheese,2023-05-10,19,3.9,39.0,9,18.4
Milk,2023-04-29,55,2.4,68.6,7,48.6
Bread,2023-05-20,8,10.5,51.1,3,4.8
Cheese,2023-01-20,11,7.5,64.0,6,10.1
Yogurt,2023-01-05,50,10.3,47.1,4,46.4
Bread,2023-02-06,33,12.6,62.9,3,23.6
Yogurt,2023-06-15,38,10.8,50.9,9,21.0
Yogurt,2023-05-17,27,6.4,52.8,2,35.3
Milk,2023-02-22,14,8.4,64.4,1,16.0
Bread,2023-06-21,44,6.2,55.7,2,51.8
Bread,2023-04-09,14,5.9,63.8,7,12.2
Milk,2023-03-27,56,9.0,58.1,1,60.5
Cheese,2023-04-18,9,5.5,60.7,6,8.4
Yogurt,2023-01-24,50,1.4,64.5,7,45.1
Juice,2023-03-22,9,5.3,56.5,9,5.7
Yogurt,2023-06-07,28,7.1,50.0,8,22.5
Yogurt,2023-04-30,12,12.6,54.7,6,5.6
Cheese,2023-02-28,8,6.5,72.0,3,11.5
Yogurt,2023-05-08,29,9.5,61.2,8,13.6
Milk,2023-04-24,50,7.5,51.6,7,38.8
Milk,2023-04-25,8,11.7,64.0,3,7.0
Bread,2023-01-14,44,11.5,64.7,9,21.2
Juice,2023-01-09,23,11.5,65.2,2,19.0
Yogurt,2023-02-09,41,2.8,50.2,3,56.6
Yogurt,2023-01-25,40,8.6,53.2,2,45.2
Cheese,2023-04-13,29,10.3,53.2,1,30.8
Milk,2023-01-22,36,9.1,56.4,4,35.6
Juice,2023-01-04,58,9.9,65.4,5,44.4
Bread,2023-06-03,14,8.2,63.0,6,12.4
Milk,2023-01-29,28,5.8,63.8,5,23.8
Bread,2023-04-19,50,2.9,73.5,1,61.7
Cheese,2023-04-08,42,6.1,66.9,3,42.2
Cheese,2023-02-06,11,16.0,58.6,1,5.6
Yogurt,2023-03-16,19,6.5,48.2,5,20.4
Juice,2023-03-11,35,2.1,52.9,5,40.7
Bread,2023-05-26,37,10.2,57.4,6,28.0
Milk,2023-05-08,53,10.6,68.3,8,25.3
Cheese,2023-03-26,22,11.9,59.7,1,23.7
Yogurt,2023-02-11,48,9.4,53.4,4,42.5
Yogurt,2023-04-10,36,10.5,52.7,1,39.0
Bread,2023-02-10,22,13.5,59.3,9,10.9
Cheese,2023-06-15,18,5.8,68.9,7,12.0
Juice,2023-02-03,23,5.2,75.9,7,17.6
Cheese,2023-01-17,22,4.7,57.9,5,20.0
Bread,2023-06-14,18,7.2,59.6,7,16.4
Bread,2023-06-02,14,12.3,47.9,2,13.2
Cheese,2023-05-02,26,9.6,79.4,4,16.7
Bread,2023-03-17,9,9.5,46.0,7,6.2
Cheese,2023-03-28,22,2.5,71.7,3,26.4
Milk,2023-04-27,36,5.9,56.3,2,43.0
Cheese,2023-04-16,51,2.5,54.0,2,72.3
Cheese,2023-03-27,29,11.5,48.9,1,29.9
Bread,2023-01-27,34,12.8,84.1,5,14.5
Bread,2023-02-26,57,10.3,62.2,6,42.6
Yogurt,2023-01-31,46,5.0,60.2,6,40.6
Yogurt,2023-05-14,11,12.4,68.9,9,6.2
Milk,2023-06-17,26,7.2,53.5,4,27.2
Yogurt,2023-04-08,46,4.4,60.0,1,59.9
Cheese,2023-01-12,50,5.1,60.6,6,44.9
Bread,2023-02-22,7,6.7,54.9,5,8.3
Yogurt,2023-05-18,36,8.1,72.0,6,24.5
Yogurt,2023-06-22,27,7.5,57.8,3,30.7
Milk,2023-05-25,26,3.8,44.5,2,40.9
Milk,2023-06-03,12,11.6,57.0,6,9.8
Cheese,2023-05-02,28,7.5,62.5,1,31.0
Bread,2023-02-15,24,5.9,51.1,7,18.6
Milk,2023-03-05,14,11.3,51.9,7,7.9
Yogurt,2023-05-10,45,4.4,54.5,7,40.7
Bread,2023-02-23,38,3.1,72.2,1,48.4
Bread,2023-04-17,39,11.8,55.1,4,26.5
Yogurt,2023-02-20,59,13.7,74.3,7,26.0
Milk,2023-02-05,22,6.6,53.9,9,14.8
Yogurt,2023-04-25,18,7.9,63.3,5,14.5
Bread,2023-01-26,44,4.6,55.5,2,60.1
Juice,2023-01-29,58,8.0,67.5,7,39.5
Juice,2023-05-29,40,6.6,48.8,1,56.9
Cheese,2023-01-11,20,7.7,67.4,7,13.1
Yogurt,2023-02-09,42,9.2,61.1,6,32.7
Yogurt,2023-01-11,39,4.7,53.6,7,38.1
Cheese,2023-06-13,29,6.9,58.3,3,33.7
Cheese,2023-04-23,56,2.6,75.3,3,58.1
Cheese,2023-02-08,51,6.9,61.4,7,37.7
Bread,2023-02-23,8,7.7,53.0,2,8.6
Yogurt,2023-04-08,47,8.7,48.0,1,58.9
Bread,2023-02-24,27,8.7,65.1,9,15.7
Cheese,2023-04-21,8,10.7,62.0,9,2.3
Yogurt,2023-06-01,33,3.4,67.0,7,27.3
Bread,2023-05-30,15,3.5,45.4,7,11.1
Bread,2023-03-10,7,9.6,48.3,3,10.1
Cheese,2023-02-25,17,1.9,71.5,2,20.0
Yogurt,2023-02-02,9,8.5,63.3,7,6.2
Cheese,2023-02-05,58,4.5,65.3,9,36.8
Yogurt,2023-05-28,29,12.7,50.4,1,30.0
Juice,2023-03-22,32,8.8,50.2,4,25.7
Milk,2023-04-19,10,7.3,69.9,6,7.3
Milk,2023-06-03,24,11.7,70.4,7,12.4
Milk,2023-03-14,12,4.8,49.1,7,10.2
Cheese,2023-02-09,41,5.4,47.2,2,59.4
Juice,2023-01-17,28,4.2,58.9,4,29.6
Yogurt,2023-05-09,49,5.4,52.0,5,53.0
Bread,2023-03-02,21,8.2,51.8,1,26.4
Yogurt,2023-06-20,28,9.5,47.5,1,35.7
Bread,2023-04-14,43,10.9,55.3,3,37.2
Yogurt,2023-02-11,58,2.5,48.5,3,81.0
Juice,2023-01-25,48,7.5,49.0,8,37.7
Bread,2023-02-08,18,4.7,63.0,9,12.6
Cheese,2023-02-04,53,7.4,59.4,1,59.5
Yogurt,2023-05-11,55,15.0,64.8,2,35.3
Yogurt,2023-04-18,48,8.9,43.5,2,57.9
Bread,2023-06-21,44,10.7,60.1,4,37.0
Cheese,2023-06-28,24,13.9,80.8,2,13.0
Cheese,2023-04-12,51,11.4,56.3,7,25.8
Juice,2023-04-08,41,6.7,68.2,9,24.3
Cheese,2023-01-12,36,4.2,68.2,7,25.9
Cheese,2023-01-19,30,7.9,68.7,6,17.7
Cheese,2023-04-11,48,6.3,61.7,1,52.7
Milk,2023-02-13,36,3.4,65.7,9,25.8
Juice,2023-02-18,20,8.7,67.0,5,15.7
Yogurt,2023-01-17,12,8.8,66.4,5,8.8
Bread,2023-03-15,9,13.3,48.8,6,8.6
Yogurt,2023-02-26,22,6.9,42.9,9,17.0
Juice,2023-02-24,13,8.8,44.5,8,12.6
Bread,2023-02-16,58,6.0,57.3,8,39.8
Juice,2023-01-12,20,10.6,65.9,8,10.6
Cheese,2023-03-03,15,7.6,49.0,1,16.1
Bread,2023-03-21,21,4.5,69.2,1,25.1
Cheese,2023-03-24,27,8.0,55.0,8,17.9
Yogurt,2023-01-08,41,9.2,55.1,5,36.0
Yogurt,2023-05-29,8,8.8,51.6,9,4.9
Bread,2023-03-22,33,11.1,41.2,2,36.7
Bread,2023-04-28,8,3.7,62.3,9,6.9
Juice,2023-01-25,41,5.5,77.1,8,29.2
Juice,2023-03-30,24,9.9,59.4,9,12.0
Cheese,2023-01-12,20,5.8,41.5,4,22.6
Bread,2023-05-23,26,8.7,67.8,1,26.9
Yogurt,2023-02-28,24,0.7,43.8,1,41.8
Juice,2023-06-03,16,16.1,47.9,5,12.1
Juice,2023-04-19,31,7.2,57.6,2,34.8
Yogurt,2023-01-26,8,11.6,61.2,8,3.1
Juice,2023-02-16,31,7.0,49.9,5,29.9
Cheese,2023-02-01,39,9.2,57.2,5,33.8
Bread,2023-01-10,42,12.5,67.2,2,32.0
Yogurt,2023-01-16,37,11.5,68.5,7,18.8
Bread,2023-05-25,20,7.4,72.5,8,15.0
Juice,2023-05-31,7,7.6,79.1,1,4.9
Juice,2023-01-26,52,11.0,68.1,2,43.5
Yogurt,2023-03-27,22,15.0,57.8,4,14.9
Cheese,2023-05-15,52,8.6,68.6,5,36.4
Milk,2023-01-14,58,13.9,64.7,2,42.7
Yogurt,2023-03-20,9,7.3,65.1,1,8.0
Milk,2023-04-27,41,10.9,61.8,9,21.6
Milk,2023-01-07,47,11.3,50.9,1,46.9
Cheese,2023-05-17,12,6.8,49.7,4,14.4
Milk,2023-04-25,31,5.8,59.0,2,39.4
Milk,2023-06-25,19,11.4,61.5,4,16.2
Cheese,2023-03-13,59,6.4,53.2,8,44.7
Milk,2023-02-28,40,5.3,64.2,8,27.8
Milk,2023-03-23,14,5.9,80.8,9,6.0
Milk,2023-04-26,27,6.4,42.6,5,32.4
Yogurt,2023-06-16,40,10.6,65.8,7,22.2
Yogurt,2023-05-26,10,9.5,59.3,3,7.2
Yogurt,2023-04-13,31,10.1,64.5,4,26.0
Cheese,2023-01-17,21,9.3,55.7,9,10.3
Juice,2023-01-14,10,6.2,58.5,1,10.7
Milk,2023-06-08,51,10.1,61.3,2,45.3
Milk,2023-06-01,18,11.5,57.0,5,12.2
Cheese,2023-04-18,38,9.8,44.8,3,39.7
Milk,2023-02-14,38,9.3,57.7,2,39.4
Yogurt,2023-04-08,34,5.7,45.8,1,51.3
Juice,2023-05-11,19,8.6,66.5,3,18.3
Bread,2023-02-06,37,5.5,41.3,1,55.9
Milk,2023-06-20,20,7.9,70.3,1,20.2
Yogurt,2023-06-17,26,3.1,64.3,1,36.3
Bread,2023-04-18,24,3.1,64.3,8,21.1
Juice,2023-02-08,35,7.4,38.4,3,44.1
Bread,2023-01-15,12,6.4,56.7,1,14.3
Yogurt,2023-04-30,38,8.3,71.5,7,21.9
Bread,2023-01-04,35,7.6,54.8,3,34.7
Cheese,2023-04-03,49,8.1,49.2,8,36.4
Bread,2023-06-02,8,9.8,53.6,4,8.4
Milk,2023-05-21,29,6.6,59.3,4,30.2
Milk,2023-06-10,25,7.3,51.5,5,23.9
Cheese,2023-01-16,37,12.4,72.3,6,22.8
Yogurt,2023-06-19,57,8.0,59.4,7,40.3
Milk,2023-04-18,11,7.5,54.4,4,13.0
Juice,2023-05-06,25,8.2,47.0,8,18.1
Milk,2023-02-24,40,7.5,64.8,6,29.6
Milk,2023-06-19,16,5.9,64.6,1,20.4
Yogurt,2023-02-03,31,5.0,52.1,1,44.7
Bread,2023-06-07,8,5.7,37.6,9,7.0
Milk,2023-01-13,17,10.6,64.1,6,11.4
Cheese,2023-05-21,56,6.1,58.1,8,40.5
Bread,2023-01-18,37,7.5,63.4,7,31.2
Juice,2023-06-09,21,10.1,79.6,6,14.3
Yogurt,2023-04-06,15,7.2,59.7,4,16.0
Juice,2023-05-03,29,9.9,54.9,7,20.1
Bread,2023-02-08,25,3.4,48.5,9,21.9
Bread,2023-02-15,15,7.6,56.9,7,12.4
Bread,2023-01-29,41,8.2,61.6,1,45.6
Juice,2023-03-03,27,8.1,60.5,9,14.9
Bread,2023-01-16,15,3.0,77.2,4,14.3
Juice,2023-05-01,34,11.6,65.0,3,20.1
Bread,2023-01-10,52,5.4,58.7,4,55.8
Cheese,2023-06-07,57,9.0,52.9,4,53.0
Bread,2023-06-02,13,8.0,62.7,2,16.7
Juice,2023-04-13,22,11.0,50.9,1,23.3
Milk,2023-03-25,22,14.6,61.8,1,14.1
Bread,2023-05-13,39,4.1,64.9,8,28.7
Milk,2023-03-06,10,6.1,57.8,2,9.9
Cheese,2023-06-26,10,8.6,53.7,5,9.8
Yogurt,2023-01-03,45,4.7,38.1,4,60.0
Cheese,2023-06-22,46,10.3,71.4,8,25.4
Bread,2023-05-22,23,10.5,64.0,2,19.1
Milk,2023-04-30,43,9.7,64.3,9,21.9
Milk,2023-06-07,45,8.7,44.4,7,33.4
Juice,2023-03-09,58,12.1,73.8,7,30.0
Milk,2023-05-26,35,4.5,55.3,1,50.1
Juice,2023-02-06,58,8.2,57.1,2,64.2
Yogurt,2023-06-02,42,5.8,49.3,4,48.0
Bread,2023-06-25,44,10.7,42.1,4,42.6
Juice,2023-03-14,45,2.5,71.6,3,53.9
Yogurt,2023-05-23,56,7.9,72.9,7,34.7
Milk,2023-02-18,43,9.0,58.3,8,27.3
Milk,2023-05-01,58,5.2,53.2,2,73.4
Yogurt,2023-03-29,41,6.1,56.2,4,41.6
Milk,2023-05-20,13,8.0,56.5,3,13.7
Yogurt,2023-02-06,33,10.9,48.0,2,36.0
Juice,2023-03-02,34,4.9,57.1,6,31.4
Juice,2023-06-20,28,5.4,61.5,4,28.5
Yogurt,2023-05-04,20,11.4,70.2,6,11.0
Juice,2023-02-08,13,7.2,60.1,2,13.4
Juice,2023-03-04,43,5.7,44.2,4,52.2
Juice,2023-02-15,28,10.2,63.5,6,16.0
Cheese,2023-03-29,11,6.5,57.4,5,13.0
Bread,2023-01-11,8,11.1,73.7,3,4.5
Milk,2023-03-03,33,6.0,74.3,8,21.7
Cheese,2023-03-18,27,7.5,74.6,7,14.5
Juice,2023-06-02,44,10.8,54.4,3,41.3
Yogurt,2023-02-21,21,7.3,79.9,6,15.1
Juice,2023-01-04,27,10.3,63.5,4,22.2
Bread,2023-02-28,16,7.8,76.3,5,9.6
Juice,2023-03-13,29,13.9,55.0,5,19.0
Yogurt,2023-05-28,45,12.7,57.0,7,23.2
Bread,2023-04-03,11,4.0,62.7,5,10.5
Juice,2023-03-04,7,9.6,61.5,3,8.4
Bread,2023-02-23,19,5.6,72.5,5,17.6
Milk,2023-04-27,27,8.6,57.7,7,19.3
Milk,2023-04-20,32,8.2,71.6,5,22.1
Juice,2023-03-15,56,4.8,67.3,5,53.1
Bread,2023-04-17,51,11.2,57.9,9,25.4
Yogurt,2023-02-26,27,8.6,66.5,3,19.8
Juice,2023-06-18,59,7.1,55.3,6,52.6
Milk,2023-01-03,24,6.7,83.5,1,22.2
Milk,2023-04-30,43,8.4,33.4,5,48.3
Juice,2023-01-06,51,9.2,66.7,8,26.9
Bread,2023-01-05,38,7.6,42.4,5,32.8
Milk,2023-01-05,42,-0.5,57.7,9,36.1
Bread,2023-02-23,23,8.1,59.1,6,18.8
Milk,2023-02-16,41,3.7,75.1,8,24.1
Milk,2023-06-26,55,7.4,53.1,8,37.4
Cheese,2023-01-09,17,3.8,73.1,3,23.4
Milk,2023-04-09,27,3.8,48.2,7,25.7
Yogurt,2023-01-20,58,11.7,73.5,7,30.9
Juice,2023-05-02,59,7.0,55.3,6,49.9
Juice,2023-03-02,32,6.8,60.7,7,20.1
Bread,2023-05-03,10,9.4,56.6,2,9.9
Milk,2023-06-12,40,6.9,72.8,9,20.8
Yogurt,2023-06-27,58,14.3,70.9,1,39.6
Bread,2023-03-23,54,7.2,64.4,1,61.0
Cheese,2023-03-03,24,9.1,48.5,3,25.8
Bread,2023-05-25,46,10.9,52.8,3,41.9
Bread,2023-01-03,41,12.8,49.7,1,36.7
Milk,2023-06-09,47,5.8,37.5,7,47.0
Cheese,2023-01-13,35,6.7,72.6,4,26.4
Bread,2023-04-30,58,11.8,56.7,2,47.8
Yogurt,2023-05-05,35,10.4,56.6,5,28.9
Yogurt,2023-03-30,44,11.2,75.0,6,25.8
Juice,2023-03-14,48,3.9,55.2,9,35.0
Cheese,2023-03-09,27,12.6,51.6,4,18.2
Cheese,2023-05-22,48,5.7,57.8,2,57.1
Juice,2023-04-11,19,8.6,48.7,5,17.1
Bread,2023-04-08,55,7.6,63.4,3,51.0
Cheese,2023-01-11,47,5.4,56.3,2,57.5
Yogurt,2023-04-15,23,3.8,54.9,1,34.6
Yogurt,2023-03-08,15,2.8,54.1,2,24.3
Milk,2023-05-03,47,8.4,58.9,6,35.9
Cheese,2023-01-29,7,3.4,60.8,8,7.1
Bread,2023-05-17,8,4.6,54.8,3,6.0
Juice,2023-06-02,54,7.3,56.4,9,34.9
Juice,2023-03-17,35,0.1,59.2,9,26.9
Bread,2023-06-19,39,10.3,58.2,2,38.2
Milk,2023-01-09,16,0.8,60.3,8,13.6
Juice,2023-02-09,56,7.8,53.2,5,54.6
Cheese,2023-01-25,46,8.0,70.0,4,36.8
Milk,2023-01-05,27,9.6,61.0,5,22.4
Cheese,2023-05-19,34,7.9,55.0,4,32.8
Yogurt,2023-05-04,17,14.1,63.4,8,7.1
Milk,2023-02-07,40,8.6,59.3,4,36.0
Juice,2023-03-13,14,11.2,42.7,6,9.2
Milk,2023-05-13,28,5.8,63.4,2,32.1
Milk,2023-06-25,14,8.4,49.8,5,12.9
Milk,2023-03-31,55,12.6,69.3,6,30.8
Milk,2023-05-26,21,7.3,57.6,5,19.3
Cheese,2023-02-06,23,8.6,67.8,2,23.6
Yogurt,2023-03-01,29,10.9,53.7,7,20.8
Bread,2023-06-25,30,5.8,60.7,4,28.7
Milk,2023-01-28,51,1.5,72.1,8,40.3
Juice,2023-03-22,25,8.8,57.3,7,15.4
Milk,2023-04-24,11,11.0,54.1,7,8.3
Juice,2023-02-09,38,3.9,66.6,9,26.0
Cheese,2023-02-14,50,10.0,66.4,1,44.2
Juice,2023-03-03,7,10.0,54.5,6,5.4
Bread,2023-04-03,29,1.2,40.1,6,35.9
Yogurt,2023-04-25,43,5.2,53.9,6,39.6
Juice,2023-03-08,14,6.8,66.8,6,13.6
Juice,2023-02-25,19,7.5,52.2,7,13.8
Yogurt,2023-02-09,14,5.8,59.9,6,10.7
Bread,2023-04-08,29,5.6,53.4,1,39.6
Milk,2023-02-09,49,13.0,40.7,3,45.2
Juice,2023-04-01,7,7.7,53.2,2,7.8
Yogurt,2023-02-02,51,5.9,66.7,6,43.9
Cheese,2023-01-06,57,7.9,36.3,8,47.1
Yogurt,2023-05-27,30,9.6,62.5,3,22.6
Cheese,2023-03-21,41,8.2,48.1,8,28.5
Bread,2023-06-17,30,7.4,66.1,8,17.7
Milk,2023-04-02,23,6.0,67.1,5,21.2
Yogurt,2023-04-07,11,6.0,58.3,8,2.7
Juice,2023-02-28,26,6.2,58.3,6,27.9
Bread,2023-02-28,27,9.0,51.9,5,24.9
Yogurt,2023-02-17,46,5.0,46.5,9,35.1
Juice,2023-06-18,37,9.2,77.0,7,23.1
Yogurt,2023-01-13,52,12.2,51.3,8,33.7
Cheese,2023-04-17,42,9.0,75.7,1,40.1
Yogurt,2023-02-14,17,6.9,51.4,2,22.7
Yogurt,2023-03-30,58,4.1,65.3,8,42.9
Yogurt,2023-06-19,21,12.7,48.6,9,10.1
Bread,2023-04-10,25,4.5,65.2,4,24.9
Yogurt,2023-06-04,13,10.5,56.7,9,5.2
Juice,2023-06-15,57,9.9,56.9,4,48.1
Cheese,2023-01-07,34,7.3,66.1,9,16.5
Cheese,2023-05-13,57,7.2,55.3,7,44.5
Yogurt,2023-02-14,49,2.5,45.7,2,73.0
Bread,2023-02-27,11,9.0,67.6,9,6.0
Bread,2023-01-31,11,9.9,48.5,4,10.3
Juice,2023-01-23,36,4.7,65.2,8,26.1
Yogurt,2023-06-19,38,7.5,69.7,7,24.3
Cheese,2023-05-18,14,8.1,56.2,7,16.6
Bread,2023-06-09,16,9.8,71.8,8,11.1
Yogurt,2023-04-17,44,8.0,64.8,1,45.3
Bread,2023-06-07,53,3.1,53.0,5,61.2
Bread,2023-02-08,38,6.4,74.0,2,36.5
Cheese,2023-06-08,54,8.7,48.6,2,60.1
Milk,2023-03-23,34,10.5,56.2,1,32.5
Juice,2023-04-10,23,6.1,57.9,5,23.0
Juice,2023-01-02,37,14.6,66.1,2,23.5
Cheese,2023-03-18,14,2.3,71.2,4,16.8
Bread,2023-01-12,46,6.3,70.5,3,46.7
Yogurt,2023-02-08,31,7.8,62.2,3,33.4
Bread,2023-01-13,15,7.4,57.2,2,15.3
Cheese,2023-02-15,8,4.3,41.7,6,9.8
Juice,2023-06-04,21,9.3,46.9,2,25.0
Bread,2023-04-23,56,9.1,77.7,8,27.4
Juice,2023-01-17,9,8.1,41.6,8,5.3
Yogurt,2023-04-14,55,9.0,52.2,5,51.7
Juice,2023-04-08,42,6.7,71.4,7,29.0
Juice,2023-03-29,10,3.1,62.1,4,12.6
Milk,2023-04-19,20,5.9,69.3,1,21.2
Milk,2023-06-12,47,8.5,65.4,2,43.9
Milk,2023-03-11,47,8.5,74.7,4,35.2
Juice,2023-06-07,31,8.1,63.0,1,33.9
Cheese,2023-03-15,56,9.6,66.6,8,29.1
Juice,2023-03-04,16,6.3,52.8,9,10.8
Cheese,2023-06-05,27,8.1,65.9,4,20.1
Cheese,2023-03-01,42,9.7,56.0,3,37.7
Milk,2023-03-20,18,7.7,55.5,2,21.8
Bread,2023-02-06,33,4.3,68.9,5,31.8
Yogurt,2023-01-22,46,5.1,69.0,3,47.1
Milk,2023-05-28,8,10.5,76.9,7,2.2
Milk,2023-04-06,19,12.2,76.2,6,7.9
Bread,2023-03-09,59,11.5,69.2,1,49.6
Yogurt,2023-01-17,38,8.7,42.8,8,29.2
Juice,2023-01-12,37,4.4,78.3,2,40.0
Juice,2023-05-30,22,8.0,69.2,5,16.2
Milk,2023-05-25,38,12.7,52.3,9,15.9
Yogurt,2023-05-18,38,9.9,67.3,8,21.3
Milk,2023-04-28,40,7.4,49.6,2,47.0
Cheese,2023-01-22,17,9.9,66.2,9,7.3
Milk,2023-04-30,16,4.2,46.8,5,21.2
Milk,2023-02-19,21,5.9,51.9,6,21.5
Juice,2023-01-14,23,4.7,67.1,3,25.2
Juice,2023-06-24,46,9.4,70.7,3,35.7
Juice,2023-01-29,24,10.1,63.3,8,13.9
Cheese,2023-06-13,15,7.5,57.1,2,19.1
Juice,2023-06-29,31,5.4,38.9,2,44.6
Yogurt,2023-05-05,46,7.9,57.9,5,43.3
Bread,2023-01-07,20,6.5,65.3,6,18.7
Yogurt,2023-01-29,31,5.6,56.8,2,41.7
Yogurt,2023-05-19,56,9.0,59.8,5,46.5
Juice,2023-02-02,28,5.7,58.1,7,24.1
Bread,2023-05-14,58,3.3,56.8,8,50.9
Bread,2023-04-21,36,4.0,60.8,7,31.7
Bread,2023-03-20,26,3.2,57.3,8,20.5
Cheese,2023-06-09,27,8.7,74.4,9,12.0
Juice,2023-06-28,50,8.5,37.9,5,51.7
Bread,2023-02-27,38,8.3,54.5,5,31.4
Cheese,2023-01-26,57,9.8,51.3,4,52.1
Milk,2023-06-23,52,11.6,62.2,9,26.4
Milk,2023-01-29,55,6.2,60.8,5,46.8
Cheese,2023-01-04,27,9.2,76.2,2,25.8
Cheese,2023-04-09,41,3.3,79.5,8,28.7
Juice,2023-05-21,38,12.1,52.3,7,22.5
Juice,2023-02-08,36,4.3,60.0,8,28.8
Milk,2023-01-15,45,5.9,62.0,3,48.7
Bread,2023-04-29,55,6.2,52.0,4,62.7
Milk,2023-01-29,18,3.4,66.3,5,19.8
Bread,2023-06-06,47,8.1,57.6,6,35.0
Bread,2023-03-16,53,8.6,49.3,1,66.1
Juice,2023-04-26,24,7.4,57.2,4,23.2
Yogurt,2023-02-01,27,3.4,50.0,5,31.6
Yogurt,2023-05-10,19,14.0,70.4,7,7.1
Cheese,2023-06-24,27,9.6,79.0,5,20.8
Juice,2023-03-25,14,15.9,62.4,1,11.5
Bread,2023-01-22,52,5.6,61.1,7,40.0
Yogurt,2023-01-27,46,10.9,61.5,8,22.5
Bread,2023-03-22,52,10.3,71.8,7,28.5
Yogurt,2023-05-06,13,7.1,71.6,4,12.0
Yogurt,2023-04-02,29,12.2,58.8,8,15.6
Yogurt,2023-01-21,50,6.8,62.5,5,46.9
Juice,2023-02-16,38,6.9,66.5,9,23.3
Milk,2023-04-11,17,-2.4,48.6,5,26.7
Bread,2023-03-25,28,9.2,72.1,1,27.0
Juice,2023-01-06,28,4.0,77.3,9,13.3
Juice,2023-05-27,49,6.3,71.7,5,40.0
Juice,2023-05-11,31,4.9,47.5,6,33.9
Juice,2023-01-01,28,6.9,40.3,4,32.8
Juice,2023-02-27,34,9.3,67.1,6,24.3
Cheese,2023-05-04,35,8.0,52.4,8,23.8
Bread,2023-06-15,19,10.1,62.9,3,14.5
Juice,2023-01-15,24,11.8,75.4,5,13.9
Bread,2023-06-11,8,6.9,53.4,2,10.2
Cheese,2023-06-12,35,6.6,56.2,2,40.3
Cheese,2023-03-05,27,10.9,62.8,7,15.7
Bread,2023-01-25,21,11.1,47.0,6,14.0
Yogurt,2023-01-24,58,10.2,52.4,4,53.9
Milk,2023-01-12,33,5.1,60.2,5,31.8
Yogurt,2023-01-18,56,9.3,57.0,1,64.4
Yogurt,2023-01-15,37,8.3,66.1,7,27.7
Yogurt,2023-01-27,21,11.2,87.7,8,8.1
Juice,2023-03-13,57,6.3,61.0,9,33.5
Cheese,2023-03-01,29,3.0,51.6,8,21.4
Yogurt,2023-06-23,30,10.1,74.2,5,16.9
Cheese,2023-05-25,50,0.3,44.1,3,77.5
Bread,2023-04-03,19,5.8,46.1,9,16.7
Milk,2023-02-22,28,4.9,54.0,6,27.3
Bread,2023-01-08,49,4.9,57.2,5,50.8
Bread,2023-03-20,43,5.8,53.8,3,46.2
Juice,2023-01-27,39,11.7,59.7,6,22.8
Milk,2023-06-23,9,10.5,62.7,3,9.4
Bread,2023-02-19,25,7.2,70.7,6,18.9
Bread,2023-05-11,29,11.4,60.9,4,21.9
Milk,2023-04-03,35,4.8,54.4,2,47.0
Milk,2023-06-21,36,4.4,70.1,8,28.1
Bread,2023-01-24,45,10.6,51.8,4,39.0
Milk,2023-03-01,50,9.7,43.7,9,31.0
Bread,2023-05-02,53,6.6,72.1,7,36.3
Bread,2023-05-11,31,4.6,71.4,2,39.2
Juice,2023-05-28,43,12.4,52.1,4,29.5
Yogurt,2023-02-15,53,2.8,56.0,5,61.1
Bread,2023-01-15,14,6.2,50.8,3,16.4
Cheese,2023-06-02,48,8.7,63.3,9,27.1
Yogurt,2023-01-17,22,13.4,77.3,5,10.1
Yogurt,2023-05-06,14,9.1,67.0,2,13.1
Yogurt,2023-03-25,7,9.4,70.4,3,7.3
Juice,2023-01-09,50,6.3,68.2,9,35.1
Bread,2023-06-15,11,9.7,60.0,7,8.9
Juice,2023-06-25,9,8.3,70.8,2,6.8
Bread,2023-03-04,7,3.2,67.5,9,3.8
Juice,2023-04-27,10,10.4,74.4,4,6.1
Juice,2023-05-10,46,10.9,55.4,9,20.3
Cheese,2023-03-29,41,10.4,42.6,2,44.7
Juice,2023-03-13,38,8.1,70.5,4,32.9
Milk,2023-05-19,48,5.1,63.5,5,43.1
Cheese,2023-03-05,40,1.1,57.0,2,61.4
Juice,2023-03-13,49,8.5,57.6,1,56.7
Yogurt,2023-01-21,31,11.2,85.5,7,12.5
Milk,2023-01-18,16,11.0,53.6,1,16.2
Milk,2023-03-05,27,10.4,51.5,8,20.0
Milk,2023-03-23,52,7.8,60.9,3,53.5
Cheese,2023-04-20,45,11.3,71.8,6,26.2
Juice,2023-04-05,33,10.8,82.8,7,15.3
Juice,2023-06-15,33,6.7,66.6,1,37.6
Yogurt,2023-02-01,8,10.0,47.3,6,5.4
Yogurt,2023-01-11,47,6.4,79.7,7,25.1
Milk,2023-02-14,54,9.6,59.8,6,43.4
Yogurt,2023-02-02,19,4.1,51.6,4,23.2
Cheese,2023-04-12,15,4.3,49.2,1,23.2
Juice,2023-06-18,58,11.2,68.4,9,25.8
Milk,2023-05-16,42,10.8,62.4,4,31.3
Yogurt,2023-01-11,28,9.9,63.5,7,17.2
Cheese,2023-06-28,48,8.3,72.9,7,26.5
Cheese,2023-03-29,32,0.8,52.0,2,54.8
Yogurt,2023-02-10,18,7.8,73.7,1,15.4
Juice,2023-05-25,23,9.4,54.8,8,12.6
Yogurt,2023-03-17,20,6.4,81.6,8,10.1
Milk,2023-05-01,20,5.9,66.0,7,17.5
Yogurt,2023-02-15,40,12.3,50.8,8,22.3
Cheese,2023-06-09,59,7.8,39.7,3,69.2
Yogurt,2023-03-21,26,9.4,68.1,2,26.3
Juice,2023-02-23,17,10.3,56.3,7,12.7
Bread,2023-03-27,22,5.0,58.4,8,17.8
Yogurt,2023-04-02,57,8.6,67.7,1,59.6
Juice,2023-05-28,37,12.0,70.1,9,20.2
Juice,2023-06-10,12,13.5,72.2,4,11.5
Cheese,2023-06-17,25,8.1,48.3,4,24.5
Juice,2023-06-09,43,7.3,74.3,3,41.4
Juice,2023-04-07,10,8.8,54.2,6,8.8
Juice,2023-01-02,53,8.7,37.4,1,72.5
Juice,2023-02-02,10,12.2,48.2,6,3.6
Milk,2023-06-07,26,5.0,62.2,2,30.9
Milk,2023-06-10,16,7.2,50.2,9,9.0
Cheese,2023-03-18,30,4.6,59.1,2,39.6
Yogurt,2023-04-26,41,5.0,63.4,7,34.9
Juice,2023-06-03,32,9.1,58.2,1,30.9
Yogurt,2023-05-30,43,10.4,55.1,7,28.5
Yogurt,2023-04-13,44,6.1,47.5,5,48.9
Cheese,2023-06-15,27,10.3,60.2,8,15.1
Juice,2023-04-13,46,11.3,39.4,4,44.5
Juice,2023-03-31,45,13.8,53.1,7,25.3
Bread,2023-06-23,27,8.2,50.7,6,23.8
Yogurt,2023-05-02,16,6.1,57.6,5,14.9
Yogurt,2023-05-23,44,5.0,57.9,4,45.6
Milk,2023-04-16,52,4.7,69.6,7,37.2
Bread,2023-04-29,10,11.7,75.8,5,7.3
Milk,2023-06-21,51,3.5,48.8,5,59.8
Milk,2023-02-18,26,11.7,79.9,1,19.1
Milk,2023-04-14,23,5.4,52.2,2,29.1
Cheese,2023-03-02,13,5.9,61.7,5,11.5
Cheese,2023-05-03,10,7.5,65.1,3,11.8
Milk,2023-05-14,35,5.9,84.4,2,30.6
Bread,2023-01-09,20,10.8,54.6,4,14.2
Yogurt,2023-01-06,9,13.4,42.0,4,8.7
Bread,2023-03-14,30,6.0,74.9,4,25.7
Juice,2023-04-13,43,6.7,51.7,4,46.2
Cheese,2023-06-09,22,7.5,56.4,3,26.6
Yogurt,2023-02-10,58,9.6,48.8,7,42.7
Yogurt,2023-04-24,10,7.5,56.4,9,6.7
Juice,2023-01-08,30,12.2,51.6,5,19.7
Juice,2023-03-13,40,11.4,66.8,4,28.3
Milk,2023-06-27,36,4.4,60.8,2,46.3
Cheese,2023-04-02,24,9.6,53.2,2,22.1
Cheese,2023-03-03,25,12.6,70.0,5,15.3
Bread,2023-03-25,37,6.5,62.5,7,28.1
Milk,2023-03-03,25,7.1,41.5,9,18.0
Milk,2023-04-21,55,6.4,69.2,7,40.9
Milk,2023-05-07,52,6.5,61.8,5,47.9
Milk,2023-01-07,25,3.0,73.9,6,24.2
Cheese,2023-03-25,28,4.0,61.2,3,31.2
Cheese,2023-05-12,30,8.2,52.1,5,27.8
Milk,2023-05-14,51,12.5,58.0,8,26.4
Bread,2023-02-27,18,6.2,68.0,1,18.4
Yogurt,2023-01-22,36,6.1,52.3,1,50.3
Yogurt,2023-06-03,44,13.1,55.6,7,29.3
Bread,2023-05-07,59,4.7,57.8,5,60.4
Milk,2023-01-03,37,3.0,48.5,5,45.4
Cheese,2023-05-07,42,5.5,52.4,1,58.1
Yogurt,2023-02-10,25,6.0,61.7,9,14.3
Juice,2023-04-16,54,2.8,72.0,1,64.6
Juice,2023-01-14,51,7.6,63.2,5,41.9
Bread,2023-01-12,42,10.8,59.5,9,18.3
Milk,2023-03-28,36,4.1,51.7,4,46.7
Yogurt,2023-01-12,55,8.3,71.0,8,31.1
Milk,2023-05-21,39,9.2,64.3,6,27.0
Yogurt,2023-01-25,24,7.7,52.9,3,27.9
Bread,2023-02-14,58,8.6,69.0,4,45.4
Bread,2023-05-02,55,8.6,65.6,2,52.4
Juice,2023-05-27,34,5.6,51.9,1,47.1
Milk,2023-02-24,53,12.5,59.0,8,29.0
Juice,2023-04-10,17,11.7,55.1,1,17.6
Milk,2023-06-22,51,11.6,86.3,1,35.6
Juice,2023-05-16,39,11.0,65.3,4,29.4
Cheese,2023-04-29,23,3.3,61.9,6,22.8
Cheese,2023-02-22,12,10.8,64.7,9,6.1
Cheese,2023-02-01,10,10.0,73.8,1,6.8
Cheese,2023-02-20,26,3.4,59.2,7,23.3
Yogurt,2023-02-13,54,7.4,54.1,5,48.5
Cheese,2023-03-23,53,8.8,68.4,8,30.5
Bread,2023-05-26,33,13.0,58.3,7,17.2
Bread,2023-05-30,21,10.2,49.3,4,24.3
Yogurt,2023-02-06,12,5.4,47.4,4,14.1
Cheese,2023-04-06,53,13.1,75.3,6,23.6
Cheese,2023-02-25,20,8.1,61.3,6,15.2
Cheese,2023-04-15,17,7.2,54.1,9,11.9
Juice,2023-02-28,45,7.0,57.7,5,44.9
Milk,2023-05-11,15,3.1,68.1,8,10.0
Juice,2023-06-05,32,7.7,57.1,5,25.6
Milk,2023-02-04,22,9.5,45.5,2,26.6
Cheese,2023-04-03,11,6.8,63.3,6,6.1
Cheese,2023-04-07,58,9.3,72.1,9,26.8
Juice,2023-05-15,16,5.4,71.4,3,15.5
Juice,2023-03-17,56,7.6,54.4,1,68.6
Milk,2023-02-18,9,8.9,72.7,1,9.9
Bread,2023-04-04,19,8.6,62.1,3,16.7
Milk,2023-06-08,49,3.2,72.4,5,45.2
Juice,2023-01-24,55,6.7,65.7,3,55.2
Juice,2023-05-28,36,13.0,44.8,9,18.3
Yogurt,2023-02-06,51,6.5,77.5,8,29.6
Juice,2023-01-04,12,8.0,60.5,3,12.8
Yogurt,2023-04-18,23,7.7,65.8,9,14.4
Bread,2023-05-06,51,12.7,46.6,6,35.7
Milk,2023-01-20,57,11.9,65.1,7,32.3
Milk,2023-06-01,59,10.4,71.0,4,39.8
Yogurt,2023-02-19,25,5.1,79.4,4,21.6
Milk,2023-06-26,48,9.1,74.0,2,42.7
Juice,2023-06-28,41,9.7,65.5,5,31.9
Cheese,2023-04-06,52,5.9,44.6,8,41.7
Yogurt,2023-04-15,32,5.4,61.3,7,24.4
Milk,2023-06-13,57,13.1,54.1,7,31.2
Yogurt,2023-04-27,11,7.1,62.3,6,9.9
Yogurt,2023-04-08,35,12.8,47.8,3,31.9
Cheese,2023-03-07,43,11.0,57.9,5,31.3
Juice,2023-03-20,26,9.2,54.8,1,31.1
Yogurt,2023-06-11,55,9.4,54.5,7,39.1
Milk,2023-06-13,27,3.8,54.6,9,19.7
Bread,2023-01-06,16,8.6,58.6,1,17.5
Yogurt,2023-02-08,11,12.3,62.9,2,10.5
Yogurt,2023-06-19,42,10.0,35.0,3,47.9
Cheese,2023-04-25,12,8.5,36.2,3,19.0
Juice,2023-05-05,32,13.1,56.6,8,14.3
Bread,2023-01-12,10,7.4,58.0,7,8.6
Milk,2023-05-11,45,6.1,61.9,6,37.1
Bread,2023-01-18,45,8.5,52.7,4,42.0
Milk,2023-02-09,56,10.3,60.1,9,28.7
Juice,2023-01-21,41,2.8,61.3,1,58.4
Milk,2023-05-23,7,8.9,52.7,2,13.5
Cheese,2023-04-09,30,10.4,70.1,4,21.7
Cheese,2023-01-26,42,7.2,61.8,3,40.6
Cheese,2023-01-08,12,11.3,65.5,1,11.3
Cheese,2023-04-10,47,9.9,60.7,5,32.2
Bread,2023-03-28,52,14.4,81.0,7,19.9
Juice,2023-02-11,50,5.7,66.0,2,56.1
Milk,2023-06-21,37,10.5,55.1,5,30.8
Milk,2023-01-14,26,4.9,68.2,6,23.7
Cheese,2023-03-19,30,3.2,43.6,7,30.2
Cheese,2023-01-02,31,1.9,61.2,1,45.3
Yogurt,2023-04-29,42,9.6,63.2,7,25.4
Juice,2023-02-06,27,8.6,61.3,4,21.8
Bread,2023-03-10,36,6.6,56.7,8,26.5
Milk,2023-06-15,30,2.7,49.9,4,36.3
Yogurt,2023-02-10,50,5.9,52.1,6,46.3
Yogurt,2023-03-03,48,8.0,61.0,9,25.6
Milk,2023-03-01,36,10.4,48.9,5,31.4
Bread,2023-05-05,28,8.0,77.7,4,25.0
Yogurt,2023-04-21,34,8.8,33.6,8,24.2
Yogurt,2023-01-14,13,6.9,56.8,9,4.5
Juice,2023-03-25,41,13.2,61.1,4,27.7
Bread,2023-05-10,34,4.9,65.1,3,37.3
Yogurt,2023-03-11,20,5.9,50.8,8,16.1
Bread,2023-05-25,16,6.5,71.3,5,12.2
Milk,2023-05-03,22,9.6,46.1,2,24.3
Cheese,2023-03-30,22,4.9,54.3,9,16.3
Yogurt,2023-01-28,37,8.4,66.2,3,36.1
Juice,2023-03-07,48,8.5,70.4,2,41.0
Milk,2023-06-12,31,5.9,46.0,1,43.8
Bread,2023-01-05,19,9.0,86.5,8,9.1
Milk,2023-06-17,12,5.0,51.0,3,13.2
Yogurt,2023-06-13,50,4.6,46.9,7,51.1
Bread,2023-02-14,15,8.3,65.0,1,14.7
Cheese,2023-05-31,51,3.0,56.5,1,75.1
Milk,2023-02-16,42,1.6,55.0,9,34.9
Yogurt,2023-01-31,49,9.6,66.0,8,26.4
Juice,2023-05-19,26,11.1,44.7,3,21.6
Bread,2023-01-10,24,6.6,43.0,6,22.9
Milk,2023-04-28,49,6.0,54.0,3,59.2
Milk,2023-01-14,27,11.0,70.8,4,18.4
Cheese,2023-03-21,10,4.6,54.5,1,12.4
Cheese,2023-04-03,56,3.9,76.0,5,50.6
Juice,2023-01-10,39,10.1,72.0,1,34.4
Juice,2023-03-17,33,8.0,62.8,1,35.5
Yogurt,2023-04-04,13,11.2,63.4,7,7.9
Yogurt,2023-04-15,12,1.6,62.8,6,13.7
Juice,2023-01-01,21,3.8,61.6,2,31.5
Juice,2023-05-13,24,8.0,56.3,2,28.3
Bread,2023-01-20,38,9.3,57.5,7,28.5
Cheese,2023-01-08,17,10.5,49.3,1,17.8
Yogurt,2023-06-20,26,8.5,37.9,2,31.1
Cheese,2023-01-01,30,8.5,71.0,8,17.0
Cheese,2023-02-26,21,6.8,61.6,6,17.5
Juice,2023-03-05,54,12.8,60.1,2,41.7
Bread,2023-04-28,13,4.7,64.0,7,10.1
Milk,2023-01-28,27,9.1,51.7,4,26.5
Bread,2023-05-01,48,5.0,50.0,2,65.7
Bread,2023-04-17,32,9.6,57.2,6,24.9
Cheese,2023-06-14,50,4.9,73.7,9,29.5
Bread,2023-06-24,20,10.2,48.3,9,10.5
Yogurt,2023-06-14,43,8.3,33.7,8,33.7
Cheese,2023-02-18,27,13.2,54.8,3,18.6
Yogurt,2023-04-30,24,7.2,71.4,3,25.7
Milk,2023-02-13,11,9.3,42.7,2,12.9
Cheese,2023-02-25,9,5.7,48.2,5,9.2
Milk,2023-06-05,29,7.1,62.6,4,25.6
Cheese,2023-04-21,32,8.3,85.7,7,22.7
Juice,2023-05-14,43,3.4,46.4,4,53.7
Bread,2023-04-18,30,3.7,46.0,9,23.2
Juice,2023-05-28,55,9.8,63.4,2,52.6
Milk,2023-04-24,25,7.6,72.0,6,18.9
Bread,2023-03-19,57,6.2,53.8,7,49.4
Cheese,2023-05-10,31,5.8,43.8,4,40.8
Bread,2023-02-06,27,5.9,64.3,6,23.6
Yogurt,2023-01-20,18,8.3,66.1,7,9.9
Bread,2023-01-26,47,9.3,77.8,4,33.1
Yogurt,2023-01-29,39,1.7,66.6,8,31.8
Bread,2023-01-01,56,12.2,68.3,9,27.7
Yogurt,2023-04-29,59,12.0,57.4,1,52.4
Milk,2023-02-04,10,1.0,84.4,7,9.8
Juice,2023-02-28,48,11.3,56.0,9,24.5
Cheese,2023-03-10,13,11.2,53.9,5,11.6
Bread,2023-06-10,28,8.0,78.1,2,24.3
Juice,2023-06-28,39,4.1,45.3,6,40.5
Cheese,2023-01-12,23,11.0,41.5,7,18.2
Cheese,2023-01-20,30,7.3,61.2,2,34.1
Yogurt,2023-02-12,40,9.6,60.0,2,41.3
Milk,2023-05-06,34,14.7,57.7,1,26.3
Milk,2023-02-19,49,8.8,69.9,4,38.2
Juice,2023-01-29,47,5.2,50.9,7,39.0
Milk,2023-02-08,45,7.0,60.6,9,28.9
Bread,2023-06-20,28,5.6,56.4,3,33.3
Milk,2023-06-27,55,9.3,51.1,7,38.4
Juice,2023-05-31,23,5.6,59.4,7,17.6
Milk,2023-06-21,40,6.6,68.5,7,27.3
Bread,2023-02-07,12,4.1,81.2,2,9.1
Yogurt,2023-03-25,52,7.6,65.8,6,37.8
Juice,2023-05-31,12,8.5,34.9,2,13.4
Yogurt,2023-05-08,40,-0.1,59.6,6,43.8
Yogurt,2023-05-06,7,8.8,60.5,3,5.2
Yogurt,2023-02-14,16,7.9,69.4,2,12.3
Cheese,2023-02-21,27,5.7,61.8,6,27.4
Cheese,2023-03-21,11,14.1,72.5,2,9.7
Yogurt,2023-06-27,8,10.9,63.9,5,4.1
Juice,2023-05-04,28,4.7,75.6,2,30.0
Bread,2023-04-29,54,10.5,55.6,3,50.2
Bread,2023-01-08,8,11.7,61.4,3,8.8
Milk,2023-03-26,16,8.4,68.3,6,9.7
Juice,2023-05-09,40,9.1,54.3,6,33.7
Cheese,2023-01-08,22,9.0,52.1,3,21.5
Yogurt,2023-06-06,54,1.7,53.7,3,72.8
Milk,2023-04-06,57,7.4,52.5,1,73.4
Bread,2023-04-12,45,7.3,65.2,7,34.4
Cheese,2023-01-05,28,12.3,41.7,8,22.1
Cheese,2023-03-27,18,9.0,44.4,2,18.8
Yogurt,2023-06-24,30,7.1,78.6,4,25.1
Bread,2023-02-03,53,7.7,52.7,7,40.7
Juice,2023-02-24,46,11.1,62.0,8,26.3
Cheese,2023-04-29,44,7.4,45.1,1,56.4
Yogurt,2023-06-20,16,5.9,60.9,4,13.8
Juice,2023-06-07,41,7.2,52.8,6,34.6
Bread,2023-04-24,57,10.8,44.4,3,56.8
Cheese,2023-05-25,55,9.5,73.4,5,36.6
Juice,2023-01-26,38,8.1,71.8,9,20.7
Juice,2023-05-16,13,8.6,58.9,3,14.8
Juice,2023-02-16,27,6.3,70.0,5,23.9
Cheese,2023-04-23,26,7.4,79.0,8,17.3
Cheese,2023-03-17,32,6.0,67.5,6,26.6
Milk,2023-03-13,10,7.1,64.8,4,6.8
Bread,2023-03-30,52,12.0,62.0,8,29.2
Yogurt,2023-02-15,58,4.8,66.5,3,61.7
Juice,2023-02-02,28,5.9,56.4,3,33.9
Milk,2023-01-01,21,4.2,57.2,4,27.0
Yogurt,2023-05-27,46,3.6,64.5,9,32.0
Milk,2023-01-31,27,7.4,55.3,5,22.0
Cheese,2023-05-22,21,6.1,56.3,8,13.7
Juice,2023-02-22,28,13.3,60.0,6,18.9
Yogurt,2023-02-17,58,7.2,71.5,3,53.0
Yogurt,2023-03-10,34,11.9,48.7,8,20.0
Yogurt,2023-04-15,20,10.9,67.6,9,10.7
Yogurt,2023-03-31,33,7.4,67.9,8,21.7
Yogurt,2023-03-04,47,14.3,67.9,4,28.1
Milk,2023-03-14,46,8.8,51.9,6,37.3
Juice,2023-06-10,34,12.5,43.1,1,34.5
Cheese,2023-06-18,32,12.2,65.6,4,23.9
Cheese,2023-03-30,55,9.2,61.9,8,34.1
Cheese,2023-06-25,8,10.3,70.0,1,6.7
Cheese,2023-01-13,31,9.9,53.0,3,32.2
Milk,2023-03-14,9,4.6,67.6,1,10.8
Bread,2023-03-18,14,8.2,70.5,9,5.5
Juice,2023-06-08,50,11.2,59.0,2,43.9
Yogurt,2023-03-09,39,12.6,64.2,9,14.7
Bread,2023-04-08,48,5.8,63.8,4,47.1
Cheese,2023-05-05,58,9.6,51.8,2,64.2
Bread,2023-04-12,41,8.5,65.3,4,33.6
Juice,2023-05-12,12,7.6,76.2,6,8.5
Yogurt,2023-04-12,45,9.1,60.2,7,29.2
Yogurt,2023-01-19,58,8.7,45.4,3,63.6
Juice,2023-03-23,29,9.6,53.1,3,25.5
Juice,2023-05-21,31,12.3,42.2,8,18.2
Cheese,2023-01-23,56,10.4,72.9,5,36.5
Yogurt,2023-03-24,49,8.9,67.6,4,41.3
Bread,2023-04-19,25,13.6,55.0,7,14.1
Milk,2023-03-16,11,11.3,45.8,7,5.2
Milk,2023-05-09,57,7.7,51.7,9,38.5
Juice,2023-03-29,17,4.3,53.6,9,12.9
Cheese,2023-02-23,18,5.0,61.1,5,18.0
Milk,2023-03-30,16,10.8,60.8,8,8.9
Yogurt,2023-05-23,14,6.1,73.4,1,14.1
Juice,2023-03-06,30,5.0,53.1,9,21.8
Bread,2023-03-17,34,5.7,44.9,8,29.3
Juice,2023-05-23,47,5.9,48.4,6,42.3
Bread,2023-05-29,42,10.6,59.8,3,35.5
Juice,2023-05-27,43,7.5,52.7,3,46.8
Juice,2023-03-01,27,3.9,57.1,8,22.3
Juice,2023-04-03,14,8.1,55.5,5,14.9
Bread,2023-06-10,15,8.7,69.9,7,7.8
Bread,2023-02-18,53,6.6,54.1,5,50.7
Juice,2023-02-04,21,11.5,56.2,8,10.7
Milk,2023-06-21,54,6.7,67.2,4,48.0
Cheese,2023-04-12,52,11.3,54.4,2,48.4
Cheese,2023-01-11,46,9.8,64.2,3,41.6
Cheese,2023-04-09,24,10.8,63.3,8,10.9
Bread,2023-04-20,48,4.7,61.4,7,40.6
Bread,2023-03-15,26,8.3,48.7,2,27.1
Milk,2023-06-23,12,7.8,72.3,6,7.3
Cheese,2023-01-09,18,3.7,82.2,9,9.2
Cheese,2023-01-03,8,11.3,60.1,4,9.6
Juice,2023-03-26,13,5.5,49.5,9,8.8
Bread,2023-01-26,22,6.2,60.3,2,21.2
Cheese,2023-03-13,9,5.0,69.9,2,6.0
Milk,2023-02-17,51,10.1,53.8,9,28.2
Milk,2023-06-05,9,3.4,58.7,7,9.3
Cheese,2023-04-27,33,9.9,63.4,7,21.5
Bread,2023-06-03,56,11.1,72.0,1,47.8
Milk,2023-06-02,49,9.6,67.8,6,35.2
Juice,2023-01-12,46,10.1,68.2,7,26.1
Milk,2023-05-13,44,10.3,55.7,6,33.9
Yogurt,2023-02-17,39,5.2,64.0,6,30.5
Yogurt,2023-02-06,34,12.3,52.8,2,28.8
Bread,2023-02-13,7,6.6,68.5,6,1.8
Cheese,2023-01-15,14,7.8,71.5,4,11.1
